id,titulo_obra,descripcion_obra,tipo_geometria,coordenadas
ci9buk7tb2misjmm4n19ntstv,Departamento de Caaguazú,"Uno de los departamentos beneficiados con el proyecto de mantenimiento de rutas no pavimentadas. Cerca de 53 mil personas beneficiadas con las obras en los tramos que unen los distritos Colonias Unidas, Raúl Arsenio Oviedo y J. E. Estigarribia.",Point,"[-55.79956, -25.2596]"
ci9buk7te2mitjmm4krmmrdgw,Departamento de San Pedro,"Uno de los departamentos beneficiados con el mantenimiento de rutas no pavimentadas. Son beneficiarios más de 60 mil personas de los distritos de Chore, Colonia Cocuerá, Jhugua Rey, y Gral. Aquino.",Point,"[-56.694946, -24.031413]"
ci9buk7tf2miujmm4ccaw0o9w,Departamento de Caazapá,Uno de los departamentos beneficiados con el mejoramiento y mantenimiento de rutas no pavimentadas.Las obras en el tramo que une Caazapá – Boquerón benefician a  unas 22.074 personas.,Point,"[-56.195068, -26.372185]"
ci9buk7th2mivjmm4b0ygb2nc,GMANS 5 (Ruta 4),Rehabilitación y Mejoramiento de la Ruta 4. Tramo: San Ignacio (Misiones) - Pilar (Ñe'embucú).,LineString,"[[-57.031831, -26.886095], [-57.04638, -26.883799], [-57.047753, -26.883263], [-57.05286, -26.881119], [-57.057194, -26.880277], [-57.065477, -26.878822], [-57.071056, -26.87821], [-57.081441, -26.878669], [-57.08436, -26.878401], [-57.089166, -26.877865], [-57.094359, -26.877023], [-57.098822, -26.87576], [-57.099637, -26.875186], [-57.107234, -26.870286], [-57.112984, -26.868066], [-57.114357, -26.8673], [-57.119979, -26.860906], [-57.122168, -26.858571], [-57.123627, -26.857958], [-57.129936, -26.855929], [-57.135429, -26.854245], [-57.136845, -26.854206], [-57.13809, -26.854551], [-57.14178, -26.855432], [-57.14487, -26.856312], [-57.146844, -26.857461], [-57.152853, -26.860945], [-57.164955, -26.867759], [-57.170276, -26.87063], [-57.172164, -26.870745], [-57.175126, -26.870669], [-57.181048, -26.870592], [-57.186927, -26.871339], [-57.191176, -26.871875], [-57.194716, -26.872372], [-57.19609, -26.872525], [-57.197763, -26.872755], [-57.199673, -26.873004], [-57.200403, -26.873214], [-57.201626, -26.873923], [-57.205574, -26.876373], [-57.207098, -26.877215], [-57.208106, -26.877598], [-57.209887, -26.877885], [-57.211539, -26.877885], [-57.213492, -26.877885], [-57.215209, -26.877885], [-57.216711, -26.877827], [-57.217547, -26.877904], [-57.218255, -26.877923], [-57.219071, -26.878038], [-57.220444, -26.878478], [-57.223427, -26.879531], [-57.228534, -26.882248], [-57.230744, -26.883894], [-57.233018, -26.885406], [-57.23495, -26.886382], [-57.237911, -26.887837], [-57.241365, -26.889674], [-57.244863, -26.891454], [-57.247223, -26.892889], [-57.250592, -26.895205], [-57.25351, -26.897195], [-57.254154, -26.897578], [-57.254819, -26.897826], [-57.25615, -26.898267], [-57.258596, -26.899051], [-57.263445, -26.900544], [-57.271943, -26.903242], [-57.273359, -26.903701], [-57.275118, -26.904237], [-57.276663, -26.904562], [-57.279217, -26.904907], [-57.284882, -26.905749], [-57.291383, -26.90661], [-57.294001, -26.906954], [-57.295846, -26.907241], [-57.2987, -26.907624], [-57.304151, -26.908389], [-57.307863, -26.908772], [-57.31106, -26.90904], [-57.317969, -26.909575], [-57.326788, -26.910035], [-57.330501, -26.91013], [-57.333354, -26.909977], [-57.344384, -26.909317], [-57.347989, -26.909068], [-57.349877, -26.908992], [-57.35081, -26.908954], [-57.351754, -26.908934], [-57.35361, -26.909021], [-57.356679, -26.909212], [-57.359983, -26.909059], [-57.362773, -26.908982], [-57.365691, -26.908867], [-57.371227, -26.908657], [-57.382493, -26.908159], [-57.383737, -26.908064], [-57.385625, -26.907605], [-57.388694, -26.906552], [-57.404165, -26.9015], [-57.405645, -26.900984], [-57.407126, -26.900563], [-57.408006, -26.900448], [-57.410173, -26.900333], [-57.419357, -26.899893], [-57.433798, -26.8993], [-57.448239, -26.898554], [-57.449934, -26.898113], [-57.455685, -26.896716], [-57.462444, -26.895434], [-57.47137, -26.893903], [-57.477679, -26.893635], [-57.478945, -26.893463], [-57.480254, -26.893214], [-57.482743, -26.892296], [-57.484717, -26.89176], [-57.486133, -26.891569], [-57.489824, -26.891071], [-57.49094, -26.890688], [-57.492249, -26.890133], [-57.497313, -26.887033], [-57.499866, -26.885406], [-57.502377, -26.883722], [-57.508835, -26.879435], [-57.509801, -26.878976], [-57.512869, -26.877712], [-57.516109, -26.876373], [-57.518148, -26.875492], [-57.522836, -26.873033], [-57.533769, -26.867338], [-57.534842, -26.86707], [-57.537825, -26.866343], [-57.542116, -26.864984], [-57.54276, -26.86485], [-57.543897, -26.864754], [-57.546579, -26.864601], [-57.549304, -26.86439], [-57.55115, -26.86418], [-57.552244, -26.864218], [-57.557458, -26.864773], [-57.565934, -26.865692], [-57.574539, -26.866496], [-57.575697, -26.866496], [-57.58825, -26.864907], [-57.589902, -26.864811], [-57.591447, -26.864965], [-57.610158, -26.86931], [-57.626724, -26.873272], [-57.631487, -26.874439], [-57.632324, -26.874746], [-57.633161, -26.875148], [-57.638118, -26.878133], [-57.641808, -26.88043], [-57.645585, -26.882746], [-57.648739, -26.884698], [-57.650241, -26.885617], [-57.651958, -26.886497], [-57.652773, -26.886765], [-57.654125, -26.887062], [-57.658095, -26.887684], [-57.66214, -26.88843], [-57.672171, -26.890152], [-57.692406, -26.893674], [-57.694594, -26.893923], [-57.696247, -26.893884], [-57.700088, -26.893674], [-57.709808, -26.893195], [-57.719378, -26.892621], [-57.720923, -26.89243], [-57.722682, -26.891894], [-57.724099, -26.891243], [-57.72839, -26.888851], [-57.733647, -26.885923], [-57.736308, -26.88443], [-57.738904, -26.882842], [-57.744827, -26.878516], [-57.753388, -26.872277], [-57.755513, -26.87063], [-57.757315, -26.869444], [-57.758023, -26.869099], [-57.759311, -26.868602], [-57.760963, -26.868123], [-57.76225, -26.868008], [-57.765233, -26.86797], [-57.775125, -26.868085], [-57.794651, -26.868295], [-57.802848, -26.868353], [-57.803953, -26.868319], [-57.804769, -26.868238], [-57.80559, -26.868133], [-57.819285, -26.866419], [-57.838629, -26.864094], [-57.846987, -26.863041], [-57.850753, -26.862581], [-57.8544, -26.862084], [-57.855355, -26.862007], [-57.856031, -26.86194], [-57.856718, -26.861921], [-57.857866, -26.861998], [-57.859067, -26.862208], [-57.860162, -26.862505], [-57.861857, -26.863271], [-57.8647, -26.864706], [-57.873079, -26.868917], [-57.886136, -26.875463], [-57.887005, -26.875779], [-57.888185, -26.876105], [-57.889409, -26.876373], [-57.890546, -26.876554], [-57.891683, -26.876621], [-57.893271, -26.876602], [-57.894859, -26.876449], [-57.896447, -26.876066], [-57.899923, -26.874841], [-57.90224, -26.874267], [-57.903571, -26.874152], [-57.907519, -26.874152], [-57.909064, -26.873923], [-57.925844, -26.87109], [-57.926959, -26.87063], [-57.928762, -26.869788], [-57.94434, -26.862514], [-57.945413, -26.862132], [-57.946915, -26.861672], [-57.951207, -26.860485], [-57.956314, -26.859069], [-57.957472, -26.858418], [-57.961721, -26.856044], [-57.963352, -26.85547], [-57.964897, -26.855164], [-57.966442, -26.855106], [-57.969102, -26.855374], [-57.976419, -26.85614], [-57.98011, -26.856523], [-57.981998, -26.856752], [-57.983844, -26.856867], [-57.991343, -26.857202], [-57.992169, -26.857308], [-57.992995, -26.857489], [-57.994637, -26.857901], [-57.997952, -26.858676], [-57.998617, -26.858791], [-57.999315, -26.858839], [-58.000484, -26.858877], [-58.002405, -26.858686], [-58.004357, -26.858437], [-58.028883, -26.855623], [-58.036394, -26.854666], [-58.042445, -26.853977], [-58.054761, -26.85256], [-58.056199, -26.852617], [-58.0571, -26.852751], [-58.058238, -26.852981], [-58.05901, -26.853249], [-58.060083, -26.853709], [-58.061134, -26.85434], [-58.064696, -26.856886], [-58.065941, -26.857614], [-58.069117, -26.858686], [-58.073987, -26.860409], [-58.074975, -26.860753], [-58.076112, -26.861155], [-58.077571, -26.861672], [-58.080189, -26.862553], [-58.081583, -26.86284], [-58.084781, -26.863433], [-58.089544, -26.864295], [-58.092591, -26.864926], [-58.093922, -26.865367], [-58.095059, -26.865864], [-58.097891, -26.86707], [-58.102784, -26.869252], [-58.104157, -26.869884], [-58.105638, -26.870401], [-58.107225, -26.870726], [-58.108599, -26.870764], [-58.109822, -26.870726], [-58.111603, -26.870286], [-58.11304, -26.869788], [-58.115487, -26.868889], [-58.116645, -26.868563], [-58.120036, -26.867893], [-58.125529, -26.866783], [-58.131526, -26.865347], [-58.13306, -26.865003], [-58.134101, -26.864898], [-58.136043, -26.864878], [-58.140345, -26.865137], [-58.149164, -26.865491], [-58.150087, -26.865386], [-58.151031, -26.865185], [-58.153595, -26.864467], [-58.159196, -26.86307], [-58.169817, -26.860887], [-58.191275, -26.85658], [-58.194129, -26.856006], [-58.196511, -26.855489], [-58.201897, -26.854436], [-58.212068, -26.852694], [-58.232624, -26.849191], [-58.236122, -26.848597], [-58.239533, -26.848004], [-58.246185, -26.846874], [-58.259425, -26.844634], [-58.285861, -26.840221], [-58.290088, -26.839494], [-58.291021, -26.841753], [-58.292437, -26.845376], [-58.293285, -26.84741], [-58.294122, -26.84944], [-58.294519, -26.850416], [-58.294894, -26.851421], [-58.295001, -26.851689], [-58.295136, -26.851952], [-58.29542, -26.852426], [-58.295978, -26.853383], [-58.296407, -26.854092], [-58.296761, -26.854757], [-58.297078, -26.855508], [-58.297394, -26.856202], [-58.298542, -26.859203], [-58.297533, -26.856542], [-58.296949, -26.85524], [-58.296664, -26.854584], [-58.296343, -26.853967], [-58.296289, -26.854015], [-58.296332, -26.854034]]"
ci9buk7tl2miwjmm435t988x8,MANTENIMIENTO DE CAMINOS NO PAVIMENTADOS EN SAN PEDRO,"Une a los distritos de Gral. Elizardo Aquino, Choré y San Pablo.",LineString,"[[-56.868152, -24.109447], [-56.868216, -24.109585], [-56.868195, -24.109878], [-56.868109, -24.110583], [-56.868023, -24.111289], [-56.867916, -24.112072], [-56.867852, -24.112562], [-56.867144, -24.118653], [-56.866199, -24.126917], [-56.857681, -24.126114], [-56.84854, -24.125194], [-56.84266, -24.126486], [-56.837532, -24.127681], [-56.833713, -24.128484], [-56.832275, -24.128581], [-56.824014, -24.127837], [-56.822533, -24.12772], [-56.821053, -24.127524], [-56.818649, -24.126662], [-56.818113, -24.126388], [-56.815903, -24.1249], [-56.813328, -24.123157], [-56.812276, -24.122844], [-56.811676, -24.122746], [-56.811118, -24.122726], [-56.808607, -24.123705], [-56.802513, -24.127661], [-56.799659, -24.129561], [-56.796762, -24.131382], [-56.795647, -24.133477], [-56.791162, -24.138118], [-56.788759, -24.140448], [-56.787278, -24.141408], [-56.783459, -24.142896], [-56.776528, -24.145324], [-56.765542, -24.15018], [-56.764855, -24.150493], [-56.764276, -24.15061], [-56.744191, -24.150434], [-56.72342, -24.150043], [-56.722991, -24.160106], [-56.722669, -24.169073], [-56.712498, -24.169229], [-56.710438, -24.168994], [-56.700696, -24.161281], [-56.690225, -24.15294], [-56.669561, -24.136767], [-56.668467, -24.13757], [-56.666557, -24.139293], [-56.661922, -24.143346], [-56.654219, -24.150199], [-56.641334, -24.161995], [-56.628384, -24.175004], [-56.615166, -24.18947], [-56.612892, -24.191779], [-56.606798, -24.191329], [-56.60079, -24.190801], [-56.588709, -24.189822], [-56.583366, -24.189705], [-56.581585, -24.189705], [-56.577701, -24.190253], [-56.573839, -24.190879], [-56.574633, -24.192112], [-56.574912, -24.192817], [-56.574976, -24.193521], [-56.574482, -24.197612], [-56.574118, -24.200665], [-56.57386, -24.203699], [-56.573603, -24.204423], [-56.571071, -24.20593], [-56.57032, -24.206361], [-56.569848, -24.206635], [-56.56944, -24.206948], [-56.569333, -24.207652], [-56.569483, -24.208161], [-56.572637, -24.211019], [-56.577422, -24.215324], [-56.581413, -24.218964], [-56.583344, -24.220705], [-56.58534, -24.222604], [-56.58873, -24.225598], [-56.592051, -24.228552], [-56.598687, -24.234442], [-56.598944, -24.234691], [-56.599132, -24.235058], [-56.599169, -24.235401], [-56.599132, -24.235582], [-56.599041, -24.235821], [-56.598853, -24.23611], [-56.597464, -24.237397], [-56.595811, -24.238903], [-56.59564, -24.239314], [-56.595404, -24.244205], [-56.595125, -24.249253], [-56.594245, -24.25299], [-56.594138, -24.253772], [-56.594181, -24.257568], [-56.594223, -24.258546], [-56.594588, -24.260835], [-56.595125, -24.264102], [-56.595211, -24.265138], [-56.595103, -24.266518], [-56.594921, -24.267897], [-56.59491, -24.269168], [-56.594899, -24.272278], [-56.593859, -24.277931], [-56.593344, -24.282117], [-56.592872, -24.285119], [-56.592743, -24.286303], [-56.593515, -24.290645], [-56.593966, -24.292874], [-56.593966, -24.293598], [-56.593194, -24.297509], [-56.592357, -24.30144], [-56.591992, -24.303494], [-56.590468, -24.3076], [-56.590297, -24.308265], [-56.589546, -24.314053], [-56.589074, -24.318786], [-56.588172, -24.328249], [-56.58828, -24.328366], [-56.597549, -24.329188], [-56.597828, -24.329481], [-56.596949, -24.337262], [-56.596519, -24.340918], [-56.596176, -24.343792], [-56.596208, -24.344545], [-56.59653, -24.345219], [-56.596959, -24.345845], [-56.597818, -24.347057], [-56.599502, -24.34952], [-56.602914, -24.354368], [-56.604158, -24.35646], [-56.604995, -24.358043], [-56.605703, -24.359646], [-56.606433, -24.361933], [-56.606733, -24.362461], [-56.607077, -24.362989], [-56.608064, -24.363536], [-56.609179, -24.364142], [-56.61036, -24.36465], [-56.611797, -24.365002], [-56.613793, -24.36553], [-56.614544, -24.365862], [-56.616818, -24.367289], [-56.621325, -24.370221], [-56.622891, -24.371726], [-56.623663, -24.372273], [-56.624457, -24.372742], [-56.629843, -24.374267], [-56.631453, -24.374834], [-56.633491, -24.375498], [-56.635229, -24.375811], [-56.639177, -24.376651], [-56.642782, -24.377453], [-56.645572, -24.377824], [-56.647417, -24.377922], [-56.649305, -24.377843], [-56.651816, -24.377785], [-56.653103, -24.377902], [-56.658747, -24.380345], [-56.662781, -24.381068], [-56.664862, -24.381244], [-56.669797, -24.381596], [-56.673059, -24.383042], [-56.676299, -24.384782], [-56.67896, -24.385231], [-56.679883, -24.385505], [-56.682457, -24.386775], [-56.683187, -24.38742], [-56.683831, -24.388514], [-56.685161, -24.389863], [-56.685934, -24.39043], [-56.686878, -24.391074], [-56.690032, -24.392892], [-56.693959, -24.395061], [-56.695332, -24.395569], [-56.702649, -24.398383], [-56.703636, -24.400845], [-56.704258, -24.402506], [-56.704473, -24.403347], [-56.704967, -24.405008], [-56.705503, -24.405985], [-56.706125, -24.406883], [-56.706683, -24.407118], [-56.71621, -24.406922], [-56.720738, -24.408153], [-56.725566, -24.409267], [-56.731231, -24.40999], [-56.733183, -24.410479], [-56.735651, -24.411886], [-56.73829, -24.413214], [-56.744964, -24.416223], [-56.758546, -24.422378], [-56.764833, -24.424449], [-56.771421, -24.428415], [-56.774919, -24.428337], [-56.778481, -24.428161], [-56.783738, -24.426266], [-56.789488, -24.424957], [-56.790282, -24.424898], [-56.795282, -24.425621], [-56.799638, -24.426051], [-56.800389, -24.426168], [-56.804122, -24.428004], [-56.811053, -24.429606], [-56.817255, -24.430114], [-56.818027, -24.430232], [-56.822297, -24.43281], [-56.822769, -24.432771], [-56.824378, -24.430837], [-56.826117, -24.42904], [-56.830043, -24.425816], [-56.832039, -24.425367], [-56.832189, -24.425836], [-56.832575, -24.426109], [-56.833477, -24.4265], [-56.835558, -24.427321], [-56.837038, -24.427575], [-56.838648, -24.427692], [-56.840279, -24.428141], [-56.841866, -24.428845], [-56.843712, -24.429782], [-56.844205, -24.430193], [-56.845042, -24.431541], [-56.848411, -24.432771], [-56.85429, -24.435096], [-56.857659, -24.436464], [-56.86017, -24.437577], [-56.86414, -24.439785], [-56.868238, -24.441914], [-56.869761, -24.442715], [-56.870555, -24.442969], [-56.872272, -24.443555], [-56.874139, -24.444102], [-56.876006, -24.445078], [-56.877036, -24.44543], [-56.878066, -24.445352], [-56.887593, -24.442734], [-56.890254, -24.441914]]"
ci9buk7tp2mixjmm459qkykui,MANTENIMIENTO DE CAMINOS NO PAVIMENTADOS - SAN PEDRO,"Obras de mantenimiento en: Camino B08 Choré – Colonia Cocuera – San Pablo (35,5 Km) - Camino B09 Choré – Jhugua Rey (29,0 Km) - Jhugua Rey -  Gral. Aquino (25,5 km).",Point,"[-56.664047, -24.382124]"
ci9buk7tr2miyjmm4jzoo10u8,MANTENIMIENTO DE CAMINOS NO PAVIMENTADOS - CAAZAPÁ,"Une los distritos de Caazapá y Boquerón (14,3 Km).",LineString,"[[-56.359863, -26.199536], [-56.359541, -26.199651], [-56.359241, -26.199863], [-56.357138, -26.201442], [-56.356827, -26.201653], [-56.356526, -26.201807], [-56.355496, -26.202144], [-56.354584, -26.202481], [-56.353597, -26.20278], [-56.35276, -26.203126], [-56.351602, -26.203867], [-56.351001, -26.204252], [-56.350293, -26.204638], [-56.349424, -26.204984], [-56.348716, -26.205254], [-56.348115, -26.205485], [-56.346838, -26.20587], [-56.346108, -26.206043], [-56.345679, -26.206149], [-56.345239, -26.206226], [-56.344403, -26.206255], [-56.343265, -26.206216], [-56.342096, -26.206178], [-56.341388, -26.206361], [-56.34068, -26.206601], [-56.339961, -26.206832], [-56.33921, -26.207054], [-56.336528, -26.20792], [-56.334189, -26.208671], [-56.332923, -26.209065], [-56.332601, -26.209171], [-56.33229, -26.209239], [-56.331721, -26.209229], [-56.329447, -26.208806], [-56.328577, -26.208671], [-56.32803, -26.208671], [-56.327408, -26.208748], [-56.326754, -26.208834], [-56.324383, -26.209181], [-56.323986, -26.209258], [-56.323245, -26.20971], [-56.32214, -26.210403], [-56.319758, -26.211915], [-56.317795, -26.213166], [-56.317484, -26.213291], [-56.317044, -26.213224], [-56.31639, -26.213012], [-56.311208, -26.214966], [-56.29167, -26.222329], [-56.279911, -26.226795], [-56.274075, -26.228989], [-56.269826, -26.230721], [-56.266436, -26.233185], [-56.263217, -26.235764], [-56.260042, -26.238459], [-56.256523, -26.24123], [-56.252102, -26.244926], [-56.244721, -26.250199]]"
ci9buk7tt2mizjmm4u4mau8q9,MANTENIMIENTO DE CAMINOS NO PAVIMENTADOS - CAAZAPÁ,"Rehabilitación y Mejoramiento de Caminos No Pavimentados del Departamento de Caazapá. Tramo: Caazapá - Boquerón (14,30 Km).",Point,"[-56.314888, -26.213666]"
ci9buk7tv2mj0jmm4i45ada8f,MANTENIMIENTO DE CAMINOS NO PAVIMENTADOS - CAAGUAZÚ,"Rehabilitación y mantenimiento de caminos no pavimentados en Colonias Unidas - Raúl Oviedo -Yjhovy Central - J.E.Estigarribia (35,70 Km)",Point,"[-55.69519, -25.248577]"
ci9buk7tw2mj1jmm4h82uqwo5,Mantenimiento de caminos no pavimentados - Caaguazú,Une los distritos de Colonias Unidas - Raúl Oviedo -Yjhovy Central - J.E.Estigarribia.,LineString,"[[-55.686838, -25.169601], [-55.687025, -25.170387], [-55.687256, -25.171417], [-55.687787, -25.173363], [-55.687953, -25.174019], [-55.688045, -25.174771], [-55.688104, -25.175199], [-55.688098, -25.175961], [-55.688087, -25.176626], [-55.688141, -25.176873], [-55.688366, -25.177791], [-55.68842, -25.178063], [-55.688506, -25.178961], [-55.688543, -25.179917], [-55.688409, -25.180568], [-55.688286, -25.181189], [-55.688323, -25.181631], [-55.688393, -25.182058], [-55.688431, -25.182262], [-55.688479, -25.182466], [-55.688533, -25.182719], [-55.688576, -25.182947], [-55.688661, -25.183422], [-55.688737, -25.183888], [-55.688817, -25.184364], [-55.68886, -25.184592], [-55.688871, -25.184825], [-55.688849, -25.185922], [-55.688806, -25.186481], [-55.688742, -25.187024], [-55.688728, -25.187187], [-55.688723, -25.187296], [-55.688745, -25.187512], [-55.688769, -25.187721], [-55.688817, -25.18793], [-55.688876, -25.188136], [-55.688943, -25.18834], [-55.688986, -25.188435], [-55.689042, -25.188527], [-55.689163, -25.188699], [-55.689474, -25.188993], [-55.690005, -25.189505], [-55.690239, -25.18977], [-55.690373, -25.189993], [-55.690507, -25.19027], [-55.690563, -25.190442], [-55.690606, -25.190621], [-55.690614, -25.190881], [-55.690625, -25.191199], [-55.690641, -25.191505], [-55.690668, -25.19166], [-55.690711, -25.191813], [-55.69078, -25.192121], [-55.690831, -25.192269], [-55.690906, -25.192413], [-55.690984, -25.192553], [-55.691078, -25.192697], [-55.691282, -25.192968], [-55.691478, -25.193243], [-55.691561, -25.193405], [-55.691628, -25.193578], [-55.691679, -25.193748], [-55.691692, -25.193922], [-55.691676, -25.19417], [-55.690673, -25.194689], [-55.690201, -25.194927], [-55.689648, -25.195112], [-55.689203, -25.195296], [-55.688871, -25.195573], [-55.688436, -25.19617], [-55.687808, -25.197611], [-55.687433, -25.198543], [-55.687049, -25.199128], [-55.686872, -25.199417], [-55.686663, -25.199691], [-55.686237, -25.20022], [-55.686164, -25.200308], [-55.6861, -25.200439], [-55.685955, -25.200672], [-55.685708, -25.201038], [-55.685376, -25.20138], [-55.685215, -25.201543], [-55.685132, -25.201628], [-55.685057, -25.20172], [-55.685019, -25.201761], [-55.684989, -25.201815], [-55.684939, -25.201909], [-55.684826, -25.202111], [-55.684735, -25.202315], [-55.684697, -25.202417], [-55.684633, -25.202519], [-55.684477, -25.202621], [-55.684198, -25.202718], [-55.68378, -25.202863], [-55.683048, -25.20306], [-55.682758, -25.203121], [-55.682516, -25.203125], [-55.68228, -25.203096], [-55.682093, -25.203074], [-55.681908, -25.203072], [-55.681524, -25.203101], [-55.681146, -25.203167], [-55.680955, -25.203196], [-55.68077, -25.203196], [-55.680486, -25.203167], [-55.680204, -25.203111], [-55.679915, -25.203072], [-55.679628, -25.203055], [-55.67933, -25.203101], [-55.678804, -25.203186], [-55.678552, -25.203293], [-55.678402, -25.203407], [-55.678338, -25.203489], [-55.6783, -25.203531], [-55.678281, -25.203579], [-55.678254, -25.203652], [-55.67822, -25.204057], [-55.678123, -25.204865], [-55.678018, -25.20555], [-55.677976, -25.20589], [-55.677892, -25.206072], [-55.677804, -25.206229], [-55.677651, -25.206416], [-55.677482, -25.206586], [-55.677278, -25.2068], [-55.677101, -25.20703], [-55.676779, -25.207775], [-55.676651, -25.207945], [-55.676506, -25.2081], [-55.676251, -25.208314], [-55.67595, -25.208527], [-55.675663, -25.208763], [-55.675401, -25.20903], [-55.67513, -25.209248], [-55.674687, -25.209503], [-55.674475, -25.209583], [-55.673598, -25.209896], [-55.672745, -25.210197], [-55.671919, -25.210513], [-55.671635, -25.210624], [-55.67135, -25.210682], [-55.671168, -25.210658], [-55.670809, -25.210551], [-55.670465, -25.210396], [-55.669848, -25.209954], [-55.669355, -25.209586], [-55.668859, -25.209236], [-55.668585, -25.209124], [-55.668277, -25.20904], [-55.668014, -25.208986], [-55.667743, -25.208947], [-55.666611, -25.208858], [-55.665493, -25.208777], [-55.665197, -25.208731], [-55.664908, -25.208671], [-55.664331, -25.208525], [-55.663175, -25.208227], [-55.662719, -25.208093], [-55.662529, -25.208015], [-55.661898, -25.207625], [-55.66086, -25.206868], [-55.660262, -25.206397], [-55.659895, -25.20613], [-55.659356, -25.205887], [-55.659058, -25.205805], [-55.658926, -25.205744], [-55.658808, -25.205669], [-55.657489, -25.204397], [-55.655965, -25.203339], [-55.654453, -25.202358], [-55.653702, -25.201863], [-55.652993, -25.201242], [-55.652511, -25.200961], [-55.652124, -25.200747], [-55.651738, -25.200611], [-55.651363, -25.200737], [-55.651084, -25.201116], [-55.650064, -25.200863], [-55.646395, -25.200019], [-55.63616, -25.197718], [-55.635827, -25.198534], [-55.635752, -25.199048], [-55.635709, -25.199553], [-55.634357, -25.200961], [-55.633317, -25.202067], [-55.63277, -25.202601], [-55.632523, -25.202902], [-55.632319, -25.203213], [-55.631825, -25.204902], [-55.630946, -25.205523], [-55.630409, -25.205814], [-55.629894, -25.205737], [-55.627512, -25.205212], [-55.623114, -25.204242], [-55.61835, -25.203154], [-55.613586, -25.202116], [-55.607192, -25.20066]]"
ci9buk7u02mj2jmm49ftr7zkx,GMANS 0 - Ruta 2 ,Tramo: San Lorenzo - Caacupé.,LineString,"[[-57.499158, -25.341252], [-57.484374, -25.344491], [-57.480597, -25.345189], [-57.47873, -25.345616], [-57.476885, -25.346042], [-57.474181, -25.34674], [-57.46946, -25.34738], [-57.456414, -25.349087], [-57.45017, -25.349921], [-57.44944, -25.350037], [-57.448732, -25.350212], [-57.44723, -25.35091], [-57.444398, -25.352306], [-57.439463, -25.357076], [-57.439033, -25.357425], [-57.438583, -25.357696], [-57.437574, -25.358045], [-57.4356, -25.358821], [-57.433669, -25.359519], [-57.431759, -25.360392], [-57.421567, -25.366771], [-57.419443, -25.368167], [-57.416782, -25.370067], [-57.415902, -25.370707], [-57.415022, -25.371172], [-57.413263, -25.372122], [-57.409636, -25.374061], [-57.406761, -25.375592], [-57.404036, -25.377008], [-57.403049, -25.377434], [-57.397964, -25.377802], [-57.391376, -25.378326], [-57.385261, -25.378791], [-57.382128, -25.379063], [-57.381141, -25.379198], [-57.380454, -25.379431], [-57.373952, -25.382882], [-57.370584, -25.384549], [-57.367386, -25.3861], [-57.363052, -25.388077], [-57.357752, -25.39083], [-57.352044, -25.393738], [-57.348504, -25.395628], [-57.347785, -25.395899], [-57.340596, -25.397062], [-57.33359, -25.398206], [-57.33005, -25.398748], [-57.326327, -25.39934], [-57.322969, -25.399921], [-57.31621, -25.401414], [-57.311768, -25.401569], [-57.309515, -25.401607], [-57.308442, -25.401607], [-57.307348, -25.401743], [-57.297241, -25.403216], [-57.296469, -25.403584], [-57.295374, -25.404321], [-57.294816, -25.404651], [-57.29428, -25.404747], [-57.293894, -25.404709], [-57.293508, -25.40467], [-57.289903, -25.402925], [-57.283465, -25.399863], [-57.281148, -25.3987], [-57.280118, -25.398099], [-57.279646, -25.397673], [-57.279238, -25.397227], [-57.27853, -25.395734], [-57.277929, -25.394242], [-57.277393, -25.393369], [-57.276556, -25.392633], [-57.273691, -25.390229], [-57.2725, -25.389764], [-57.27132, -25.389337], [-57.26984, -25.388911], [-57.268477, -25.388465], [-57.267007, -25.388], [-57.266278, -25.387719], [-57.265763, -25.387379], [-57.265484, -25.387156], [-57.265237, -25.386866], [-57.264765, -25.386265], [-57.263875, -25.385043], [-57.262887, -25.383822], [-57.26234, -25.383366], [-57.26175, -25.383056], [-57.252191, -25.381273], [-57.249004, -25.380507], [-57.245829, -25.37979], [-57.239745, -25.378394], [-57.239145, -25.378258], [-57.223867, -25.373392], [-57.222794, -25.373062], [-57.222225, -25.372927], [-57.221657, -25.372868], [-57.220476, -25.372801], [-57.214479, -25.372355], [-57.211496, -25.372161], [-57.210735, -25.372238], [-57.210016, -25.372442], [-57.209222, -25.372781], [-57.208471, -25.373266], [-57.207913, -25.373847], [-57.207419, -25.374526], [-57.206969, -25.375127], [-57.206325, -25.375709], [-57.204329, -25.377221], [-57.203321, -25.377725], [-57.202334, -25.378035], [-57.201519, -25.378442], [-57.20124, -25.378927], [-57.200918, -25.379392], [-57.200682, -25.379935], [-57.200102, -25.380323], [-57.199501, -25.380652], [-57.199029, -25.380982], [-57.198708, -25.381525], [-57.198643, -25.381893], [-57.198665, -25.382203], [-57.198922, -25.383444], [-57.198879, -25.384452], [-57.198858, -25.385984], [-57.198643, -25.386584], [-57.19815, -25.387127], [-57.197613, -25.387341], [-57.197098, -25.387496], [-57.19594, -25.387651], [-57.193729, -25.387903], [-57.189416, -25.388465], [-57.182571, -25.389337], [-57.180533, -25.389589], [-57.179524, -25.389667], [-57.178022, -25.389667], [-57.176799, -25.389647], [-57.175619, -25.389686]]"
ci9buk7u32mj3jmm4nr8a0qnm,Mantenimiento de caminos no pavimentados - Caaguazú,Une los distritos de Colonias Unidas - Raúl Oviedo -Yjhovy Central - J.E.Estigarribia.,LineString,"[[-55.683839, -25.202858], [-55.683906, -25.203004], [-55.683986, -25.203147], [-55.684169, -25.203426], [-55.684332, -25.203701], [-55.684483, -25.203997], [-55.685148, -25.20514], [-55.685802, -25.206268], [-55.686467, -25.207387], [-55.687779, -25.209566], [-55.68845, -25.21069], [-55.688814, -25.211292], [-55.688935, -25.211498], [-55.689005, -25.211743], [-55.689273, -25.212718], [-55.689396, -25.213155], [-55.689477, -25.213721], [-55.689396, -25.217065], [-55.689348, -25.218744], [-55.689311, -25.220418], [-55.68916, -25.226916], [-55.689085, -25.230177], [-55.689007, -25.233479], [-55.688999, -25.233894], [-55.688989, -25.234312], [-55.689002, -25.234559], [-55.689015, -25.234685], [-55.689037, -25.234794], [-55.689064, -25.234945], [-55.689136, -25.235095], [-55.689268, -25.235379], [-55.689407, -25.235675], [-55.689539, -25.235961], [-55.689997, -25.236954], [-55.690225, -25.237449], [-55.690434, -25.237905], [-55.690475, -25.238002], [-55.690504, -25.238186], [-55.690512, -25.238261], [-55.690467, -25.23881], [-55.690442, -25.239094], [-55.690467, -25.239358], [-55.690485, -25.239567], [-55.690504, -25.239741], [-55.690582, -25.24004], [-55.690687, -25.240326], [-55.690713, -25.240382], [-55.690826, -25.240566], [-55.690982, -25.240797], [-55.691462, -25.241396], [-55.691505, -25.241466], [-55.691537, -25.241534], [-55.691596, -25.241692], [-55.691703, -25.242005], [-55.692014, -25.242898], [-55.692162, -25.243186], [-55.692358, -25.243412], [-55.692779, -25.243861], [-55.69295, -25.24415], [-55.693103, -25.244431], [-55.693269, -25.244717], [-55.693444, -25.244987], [-55.694063, -25.245828], [-55.694388, -25.246275], [-55.69475, -25.246758], [-55.694943, -25.247058], [-55.695002, -25.247223], [-55.69505, -25.247393], [-55.695168, -25.248126], [-55.695276, -25.248907], [-55.695367, -25.249504], [-55.695501, -25.249868], [-55.695694, -25.250222], [-55.696107, -25.250857], [-55.697078, -25.252066], [-55.698167, -25.253322], [-55.698548, -25.253759], [-55.698822, -25.254108], [-55.698926, -25.254309], [-55.699012, -25.254504], [-55.69909, -25.254802], [-55.699135, -25.254952], [-55.69916, -25.255103], [-55.699178, -25.255297], [-55.699186, -25.255491], [-55.699117, -25.255719], [-55.698886, -25.256151], [-55.69806, -25.257669], [-55.697236, -25.259246], [-55.696799, -25.260071], [-55.696394, -25.260847], [-55.692164, -25.268992], [-55.690845, -25.271554], [-55.690383, -25.272446], [-55.690311, -25.27257], [-55.690169, -25.272737], [-55.690094, -25.272844], [-55.689997, -25.273028], [-55.68975, -25.27361], [-55.689493, -25.274202], [-55.689225, -25.274784], [-55.688645, -25.275958], [-55.688474, -25.276371], [-55.688399, -25.276662], [-55.688377, -25.276924], [-55.68838, -25.277195], [-55.688511, -25.278022], [-55.688589, -25.278391], [-55.688672, -25.278784], [-55.688997, -25.280312], [-55.689691, -25.283724], [-55.690056, -25.28548], [-55.690233, -25.286358], [-55.690319, -25.286787], [-55.690405, -25.287221], [-55.691328, -25.291786], [-55.691778, -25.29408], [-55.691912, -25.294734], [-55.692239, -25.296369], [-55.692636, -25.298382], [-55.693039, -25.300331], [-55.693441, -25.30232], [-55.693645, -25.303314], [-55.693843, -25.304303], [-55.694881, -25.309274], [-55.695136, -25.310552], [-55.695265, -25.311204], [-55.695396, -25.311869], [-55.695643, -25.313098], [-55.695772, -25.313745], [-55.695836, -25.314075], [-55.695871, -25.314228], [-55.695887, -25.314368], [-55.695917, -25.314427], [-55.69597, -25.314492], [-55.696083, -25.314594], [-55.698081, -25.31586], [-55.699777, -25.316939], [-55.700637, -25.317482], [-55.701225, -25.317857], [-55.701649, -25.318127], [-55.701796, -25.31826], [-55.701847, -25.318359], [-55.701879, -25.318459], [-55.701912, -25.318561], [-55.701928, -25.318667], [-55.701971, -25.319123], [-55.702011, -25.319555], [-55.702046, -25.319969], [-55.702118, -25.320786], [-55.702158, -25.321189], [-55.702196, -25.321601], [-55.702354, -25.323334], [-55.70244, -25.324307], [-55.702461, -25.324503], [-55.702491, -25.324884], [-55.702823, -25.328719], [-55.702872, -25.329146], [-55.702974, -25.329592], [-55.703011, -25.330339], [-55.703043, -25.33109], [-55.703092, -25.331546], [-55.703129, -25.331973], [-55.703199, -25.332826], [-55.703279, -25.333253], [-55.70333, -25.333682], [-55.703411, -25.334533], [-55.703827, -25.33877], [-55.704347, -25.343725], [-55.704449, -25.344646], [-55.704615, -25.346217], [-55.704733, -25.347477], [-55.704846, -25.348733], [-55.705066, -25.350755], [-55.705125, -25.351346], [-55.705388, -25.35394], [-55.705656, -25.356523], [-55.705795, -25.357842], [-55.705801, -25.357861], [-55.705822, -25.357997], [-55.705801, -25.358007], [-55.705811, -25.357987], [-55.70579, -25.357997], [-55.705801, -25.358007], [-55.705811, -25.358007], [-55.705801, -25.358026], [-55.705811, -25.358075], [-55.705801, -25.358065], [-55.705811, -25.358084], [-55.706144, -25.361109], [-55.706166, -25.361487], [-55.70638, -25.36363], [-55.706605, -25.365423], [-55.706627, -25.365733], [-55.706681, -25.366334], [-55.706788, -25.367197], [-55.706852, -25.368012], [-55.706874, -25.367992], [-55.706927, -25.368535], [-55.707045, -25.369679], [-55.707185, -25.371065], [-55.707249, -25.371502], [-55.70726, -25.371531], [-55.707389, -25.373004], [-55.707507, -25.374032]]"
ci9buk7u62mj4jmm4hb9d11f5,GMANS 0 Acceso Sur - Guarambaré,Tramo Acceso Sur Cuatro Mojones - Guarambaré.,LineString,"[[-57.570075, -25.355971], [-57.564754, -25.363727], [-57.561922, -25.367915], [-57.558746, -25.37187], [-57.551021, -25.383657], [-57.549605, -25.385169], [-57.549004, -25.385867], [-57.548532, -25.386643], [-57.547502, -25.389744], [-57.545571, -25.391644], [-57.544434, -25.393427], [-57.544798, -25.395715], [-57.544584, -25.396839], [-57.544476, -25.397595], [-57.544348, -25.398254], [-57.542524, -25.40529], [-57.541666, -25.408779], [-57.540818, -25.412268], [-57.539048, -25.418605], [-57.538146, -25.424284], [-57.537202, -25.429865], [-57.536237, -25.439224], [-57.535529, -25.443972], [-57.535099, -25.446452], [-57.534821, -25.447769], [-57.534348, -25.448835], [-57.53334, -25.449862], [-57.53128, -25.450811], [-57.529156, -25.451606], [-57.525873, -25.452826], [-57.522161, -25.45426], [-57.519178, -25.455771], [-57.516367, -25.457283], [-57.514843, -25.458464], [-57.510445, -25.464121], [-57.504801, -25.471657], [-57.502462, -25.474737], [-57.500123, -25.476791], [-57.497806, -25.478534], [-57.484889, -25.487754]]"
ci9buk7u82mj5jmm490sjj7m2,GMANS 0 (Ruta 2),Rehabilitación y mejoramiento de Ruta 2: Tramo: San Lorenzo - Caacupé.,Point,"[-57.398071, -25.377531]"
ci9buk7ua2mj6jmm4t1mq3esn,GMANS 0 (Acceso Sur),Rehabilitación y mejoramiento del Acceso Sur: Tramo Cuatro Mojones - Acceso Guarambaré.,Point,"[-57.540206, -25.414749]"
ci9buk7uc2mj7jmm4gsfyjf8x,GMANS 1 (Ruta 3),Mejoramiento y rehabilitación del tramo de la Ruta 3. Tramo: Limpio - San Estanislao.,Point,"[-57.161865, -25.059477]"
ci9buk7ue2mj8jmm42oteuqhx,GMANS 1 (Ruta 2),Mejoramiento y rehabilitación de la Ruta 2. Tramo Caacupé - Coronel Oviedo.,Point,"[-56.819229, -25.480471]"
ci9buk7ug2mj9jmm4av73ehvy,GMANS 1 (Ruta 2),"Ruta 2: Caacupé-Coronel Oviedo 
Ruta 8: Coronel Oviedo- Calle 6000",LineString,"[[-57.148776, -25.389163], [-57.148089, -25.38988], [-57.147574, -25.390617], [-57.145857, -25.393311], [-57.145299, -25.39397], [-57.144763, -25.394145], [-57.143969, -25.39399], [-57.143132, -25.393389], [-57.138798, -25.39021], [-57.134399, -25.388349], [-57.133755, -25.387631], [-57.133347, -25.386895], [-57.132532, -25.385383], [-57.131888, -25.384762], [-57.131094, -25.3842], [-57.130386, -25.383812], [-57.129657, -25.383638], [-57.126932, -25.384103], [-57.123413, -25.385266], [-57.119851, -25.386546], [-57.118177, -25.38703], [-57.116589, -25.387341], [-57.11337, -25.387941], [-57.111933, -25.388077], [-57.110044, -25.388155], [-57.106804, -25.388193], [-57.09968, -25.388445], [-57.098093, -25.388349], [-57.094659, -25.387825], [-57.089745, -25.387961], [-57.084939, -25.388213], [-57.075691, -25.390927], [-57.074704, -25.391024], [-57.07318, -25.390966], [-57.070455, -25.39083], [-57.069382, -25.390617], [-57.068223, -25.390306], [-57.066206, -25.389686], [-57.062752, -25.388756], [-57.060928, -25.388155], [-57.059962, -25.387573], [-57.057881, -25.386119], [-57.056851, -25.385635], [-57.055692, -25.385247], [-57.04683, -25.382669], [-57.041831, -25.381215], [-57.037367, -25.37945], [-57.033419, -25.377861], [-57.029492, -25.37631], [-57.028419, -25.376174], [-57.027325, -25.376193], [-57.026081, -25.376465], [-57.024986, -25.376949], [-57.02048, -25.378791], [-57.019193, -25.379315], [-57.017905, -25.379761], [-57.015352, -25.38042], [-57.010223, -25.381874], [-57.008936, -25.382145], [-57.008378, -25.382261], [-57.00782, -25.382281], [-57.005653, -25.382068], [-57.00119, -25.381622], [-56.988208, -25.380323], [-56.986835, -25.380303], [-56.97793, -25.381544], [-56.973702, -25.382106], [-56.972372, -25.382533], [-56.971621, -25.382959], [-56.970977, -25.383618], [-56.967844, -25.388717], [-56.966063, -25.390423], [-56.965291, -25.390946], [-56.964197, -25.391411], [-56.963231, -25.391508], [-56.962351, -25.391431], [-56.961364, -25.391198], [-56.960442, -25.391062], [-56.959476, -25.391024], [-56.958661, -25.391218], [-56.957931, -25.391547], [-56.957287, -25.391993], [-56.956665, -25.392516], [-56.953103, -25.395695], [-56.949627, -25.398874], [-56.94261, -25.405174], [-56.935851, -25.411357], [-56.926045, -25.420136], [-56.920917, -25.424691], [-56.915338, -25.429768], [-56.914308, -25.430698], [-56.913363, -25.431725], [-56.906776, -25.439825], [-56.902055, -25.448312], [-56.899652, -25.452303], [-56.895403, -25.455442], [-56.890983, -25.458474], [-56.888784, -25.460014], [-56.886606, -25.461564], [-56.885855, -25.461961], [-56.884814, -25.462184], [-56.882754, -25.462368], [-56.882153, -25.462572], [-56.879417, -25.464073], [-56.878623, -25.464383], [-56.878216, -25.464451], [-56.877808, -25.46448], [-56.876907, -25.464373], [-56.876049, -25.464025], [-56.874997, -25.463337], [-56.874611, -25.463085], [-56.873924, -25.462736], [-56.873077, -25.462475], [-56.872433, -25.462339], [-56.870834, -25.462068], [-56.869161, -25.461845], [-56.868367, -25.461884], [-56.867573, -25.461971], [-56.865835, -25.462068], [-56.861886, -25.461913], [-56.85635, -25.4617], [-56.851608, -25.461409], [-56.850428, -25.461429], [-56.848776, -25.462126], [-56.847381, -25.462804], [-56.845901, -25.463405], [-56.843991, -25.46387], [-56.840128, -25.464799], [-56.837768, -25.465168], [-56.834399, -25.466814], [-56.832554, -25.467783], [-56.831953, -25.468364], [-56.829979, -25.47128], [-56.828069, -25.474214], [-56.827468, -25.474892], [-56.825494, -25.47681], [-56.822919, -25.479309], [-56.817469, -25.484636], [-56.816546, -25.48543], [-56.815634, -25.486127], [-56.814723, -25.486767], [-56.811718, -25.488742], [-56.80688, -25.491957], [-56.795711, -25.499395], [-56.787664, -25.505011], [-56.785047, -25.50687], [-56.784253, -25.507335], [-56.78348, -25.507839], [-56.778545, -25.510647], [-56.77052, -25.515178], [-56.762645, -25.519748], [-56.75713, -25.522963], [-56.756186, -25.523505], [-56.755692, -25.523892], [-56.753203, -25.527106], [-56.752731, -25.52761], [-56.752324, -25.5279], [-56.748332, -25.529469], [-56.743226, -25.531482], [-56.741166, -25.532296], [-56.740243, -25.532412], [-56.738977, -25.532296], [-56.724493, -25.530882], [-56.723999, -25.530805], [-56.723377, -25.530669], [-56.722261, -25.53034], [-56.714107, -25.527939], [-56.703765, -25.52486], [-56.693058, -25.521704], [-56.682586, -25.518548], [-56.679496, -25.517696], [-56.670731, -25.51513], [-56.666321, -25.513803], [-56.661247, -25.512312], [-56.618728, -25.499685], [-56.602613, -25.49496], [-56.586606, -25.490195], [-56.573173, -25.486244], [-56.566511, -25.484258], [-56.560074, -25.48237], [-56.548186, -25.478873], [-56.542232, -25.477101], [-56.536341, -25.475348], [-56.52984, -25.473362], [-56.527469, -25.472703], [-56.525119, -25.471977], [-56.524422, -25.471832], [-56.523746, -25.471725], [-56.523027, -25.471715], [-56.522448, -25.471648], [-56.521117, -25.471599], [-56.51984, -25.471531], [-56.514562, -25.47127], [-56.509251, -25.47096], [-56.503576, -25.470718], [-56.499874, -25.470485], [-56.499241, -25.470388], [-56.497364, -25.469691], [-56.496409, -25.469304], [-56.495947, -25.469197], [-56.495497, -25.469139], [-56.495003, -25.469158], [-56.493694, -25.469333], [-56.491892, -25.469604], [-56.4901, -25.469865], [-56.488984, -25.470011], [-56.488308, -25.47004], [-56.487429, -25.469924], [-56.479243, -25.468597], [-56.468653, -25.466853], [-56.466228, -25.466456], [-56.464995, -25.466262], [-56.463772, -25.466107], [-56.460263, -25.466146], [-56.45654, -25.466214], [-56.451702, -25.466272], [-56.450757, -25.466407], [-56.450479, -25.466533]]"
ci9buk7uj2mjajmm4xc2mo7js,GMANS 5 (Ruta 4) ,Rehabilitación y mejoramiento de la Ruta 4. Tramo: San Ignacio (Misiones) - Pilar (Ñe'embucú) - 134 km.,Point,"[-57.772207, -26.87109]"
ci9buk7ul2mjbjmm4lf9gzbry,GMANS 1 - Ruta 3,Mejoramiento y mantenimiento de la ruta asfáltica que une Limpio - San Estanislao.,LineString,"[[-57.467358, -25.164318], [-57.466499, -25.162473], [-57.465062, -25.159346], [-57.462143, -25.153112], [-57.459204, -25.146857], [-57.457723, -25.14373], [-57.456157, -25.140642], [-57.455728, -25.140137], [-57.455191, -25.139651], [-57.45223, -25.137514], [-57.449398, -25.135339], [-57.448668, -25.134717], [-57.448217, -25.134037], [-57.447788, -25.133182], [-57.447016, -25.13157], [-57.446415, -25.130929], [-57.445814, -25.130404], [-57.444505, -25.129239], [-57.441415, -25.126888], [-57.438411, -25.124693], [-57.432253, -25.120205], [-57.425751, -25.115445], [-57.425022, -25.114979], [-57.422897, -25.114065], [-57.420923, -25.113036], [-57.419056, -25.111948], [-57.417232, -25.110724], [-57.416138, -25.110024], [-57.415258, -25.109538], [-57.414443, -25.109266], [-57.413349, -25.109208], [-57.409143, -25.10915], [-57.404294, -25.108101], [-57.394037, -25.106468], [-57.392406, -25.106546], [-57.387943, -25.10744], [-57.386934, -25.107731], [-57.385282, -25.108645], [-57.382879, -25.110549], [-57.381334, -25.111676], [-57.379982, -25.112783], [-57.377128, -25.115017], [-57.375841, -25.115931], [-57.37215, -25.118126], [-57.370026, -25.119311], [-57.368588, -25.119855], [-57.367172, -25.120205], [-57.357237, -25.122731], [-57.355928, -25.123585], [-57.355027, -25.124188], [-57.354276, -25.124479], [-57.352216, -25.125004], [-57.350177, -25.125392], [-57.34816, -25.125761], [-57.347195, -25.125956], [-57.346229, -25.126014], [-57.345178, -25.125839], [-57.344019, -25.125509], [-57.342774, -25.125042], [-57.340435, -25.12411], [-57.334642, -25.122128], [-57.324278, -25.118515], [-57.317669, -25.116203], [-57.315866, -25.115561], [-57.314944, -25.115076], [-57.314193, -25.114493], [-57.313055, -25.11288], [-57.311918, -25.111132], [-57.30973, -25.107634], [-57.305309, -25.100717], [-57.299687, -25.091934], [-57.297713, -25.088853], [-57.297348, -25.088494], [-57.296962, -25.088202], [-57.296447, -25.087979], [-57.295932, -25.087833], [-57.294645, -25.087804], [-57.293357, -25.087882], [-57.292016, -25.087892], [-57.291362, -25.087853], [-57.290643, -25.087639], [-57.271192, -25.078544], [-57.258349, -25.072558], [-57.256654, -25.071809], [-57.255088, -25.071324], [-57.25409, -25.071051], [-57.251139, -25.070634], [-57.220122, -25.06696], [-57.188987, -25.063209], [-57.157959, -25.059593], [-57.127103, -25.055745], [-57.106161, -25.052984], [-57.102706, -25.052576], [-57.099187, -25.051818], [-57.096376, -25.05139], [-57.083029, -25.04966], [-57.060853, -25.046618], [-57.057666, -25.046181], [-57.056132, -25.046151], [-57.055242, -25.0462], [-57.053579, -25.046424], [-57.051701, -25.046764], [-57.048171, -25.047376], [-57.04638, -25.047522], [-57.044298, -25.047327], [-57.04226, -25.046628], [-57.040801, -25.045811], [-57.039846, -25.045053], [-57.038966, -25.044198], [-57.03844, -25.043546], [-57.03799, -25.042876], [-57.037464, -25.041943], [-57.037003, -25.040718], [-57.034449, -25.02775], [-57.033097, -25.020887], [-57.032732, -25.018942], [-57.031702, -25.016337], [-57.031252, -25.015131], [-57.030994, -25.013809], [-57.030941, -25.012467], [-57.031166, -25.011038], [-57.032303, -25.007061], [-57.033151, -25.004348], [-57.033376, -25.002832], [-57.033344, -25.001888], [-57.033247, -25.001315], [-57.032861, -24.999827], [-57.032035, -24.997688], [-57.031622, -24.996628], [-57.031188, -24.995432], [-57.03042, -24.993322], [-57.029664, -24.991192], [-57.028124, -24.986835], [-57.027341, -24.984633], [-57.026966, -24.983549], [-57.026553, -24.982479], [-57.026124, -24.981351], [-57.024353, -24.978297], [-57.024123, -24.977864], [-57.023897, -24.977363], [-57.023549, -24.976371], [-57.023264, -24.97517], [-57.023146, -24.973916], [-57.023023, -24.969758], [-57.022969, -24.967501], [-57.022862, -24.966198], [-57.022712, -24.965255], [-57.022261, -24.963708], [-57.021682, -24.962346], [-57.020437, -24.95937], [-57.017862, -24.953748], [-57.015094, -24.947639], [-57.01297, -24.942814], [-57.012455, -24.941316], [-57.012326, -24.940479], [-57.011747, -24.935264], [-57.011103, -24.929155], [-57.010502, -24.923998], [-57.010266, -24.923045], [-57.009837, -24.922091], [-57.009301, -24.921176], [-57.0087, -24.920301], [-57.007133, -24.918783], [-57.005481, -24.917829], [-57.004451, -24.917382], [-57.003335, -24.917031], [-56.996641, -24.915256], [-56.994946, -24.914818], [-56.993304, -24.914341], [-56.991641, -24.91385], [-56.990075, -24.913431], [-56.987199, -24.912731], [-56.984088, -24.911894], [-56.981298, -24.911115], [-56.978477, -24.910055], [-56.975784, -24.909043], [-56.973466, -24.908167], [-56.972254, -24.907739], [-56.970902, -24.907067], [-56.965055, -24.90262], [-56.962523, -24.900664], [-56.95998, -24.898728], [-56.957566, -24.896869], [-56.955839, -24.895594], [-56.955131, -24.895107], [-56.954283, -24.894669], [-56.953468, -24.8943], [-56.951816, -24.893813], [-56.949777, -24.893365], [-56.943726, -24.892061], [-56.937782, -24.890777], [-56.931924, -24.889443], [-56.931077, -24.889142], [-56.930315, -24.888752], [-56.922526, -24.88447], [-56.917076, -24.881414], [-56.915702, -24.880713], [-56.912838, -24.879419], [-56.905875, -24.876197], [-56.902382, -24.874567], [-56.900591, -24.873734], [-56.898815, -24.872926], [-56.895929, -24.871603], [-56.893118, -24.870386], [-56.886177, -24.867904], [-56.881992, -24.866424], [-56.878259, -24.865022], [-56.873495, -24.863299], [-56.868742, -24.861645], [-56.863925, -24.859902], [-56.862702, -24.859454], [-56.861511, -24.858997], [-56.860245, -24.8585], [-56.859204, -24.858023], [-56.855363, -24.85556], [-56.851565, -24.853049], [-56.849656, -24.851842], [-56.848894, -24.851413], [-56.847918, -24.850936], [-56.846973, -24.850605], [-56.845589, -24.850294], [-56.84412, -24.850011], [-56.834195, -24.848035], [-56.828831, -24.846906], [-56.823477, -24.845825], [-56.820597, -24.84527], [-56.819239, -24.845002], [-56.818225, -24.844705], [-56.817764, -24.844554], [-56.813328, -24.842539], [-56.811102, -24.841527], [-56.809991, -24.841006], [-56.808865, -24.840494], [-56.804509, -24.838513], [-56.799252, -24.836157], [-56.787278, -24.830685], [-56.781281, -24.827968], [-56.775251, -24.825203], [-56.771035, -24.823226], [-56.770155, -24.822846], [-56.769157, -24.822574], [-56.767977, -24.822291], [-56.766614, -24.822028], [-56.76095, -24.821045], [-56.75521, -24.820071], [-56.752967, -24.819769], [-56.750736, -24.819516], [-56.74683, -24.819321], [-56.741445, -24.818873], [-56.736515, -24.818455], [-56.735603, -24.818391], [-56.734734, -24.81826], [-56.73409, -24.818119], [-56.733355, -24.81789], [-56.732486, -24.817564], [-56.732363, -24.817495], [-56.731531, -24.817038], [-56.730673, -24.816424], [-56.729514, -24.815416], [-56.72724, -24.812982], [-56.725555, -24.811151], [-56.723828, -24.80933], [-56.71709, -24.802123], [-56.714118, -24.798734], [-56.711082, -24.795471], [-56.708078, -24.792081], [-56.705042, -24.78877], [-56.69898, -24.78202], [-56.697199, -24.780032], [-56.694828, -24.777919], [-56.692392, -24.775863], [-56.687242, -24.771314], [-56.68205, -24.766872], [-56.671643, -24.757899], [-56.668703, -24.755268], [-56.658296, -24.746324], [-56.652009, -24.740926], [-56.650979, -24.739991], [-56.649842, -24.739309], [-56.649327, -24.739036], [-56.648812, -24.738802], [-56.647567, -24.738412], [-56.646065, -24.73812], [-56.644542, -24.738042], [-56.642954, -24.738198], [-56.635529, -24.740049], [-56.629393, -24.741608], [-56.624908, -24.742641], [-56.624339, -24.742709], [-56.623803, -24.742699], [-56.622741, -24.742495], [-56.620477, -24.742027], [-56.618063, -24.741491], [-56.617097, -24.741355], [-56.615638, -24.741374], [-56.613568, -24.741657], [-56.611497, -24.741969], [-56.607356, -24.742602], [-56.603257, -24.743221], [-56.601208, -24.743513], [-56.599164, -24.743791], [-56.590554, -24.745135], [-56.585705, -24.745856], [-56.584525, -24.74609], [-56.581993, -24.746188], [-56.579654, -24.745837], [-56.578195, -24.74535], [-56.57356, -24.743343], [-56.56444, -24.739348], [-56.562037, -24.738217], [-56.560921, -24.737535], [-56.558496, -24.73582], [-56.555063, -24.733403], [-56.553239, -24.732059], [-56.551394, -24.730772], [-56.547832, -24.7282], [-56.547113, -24.727591], [-56.546405, -24.727006], [-56.54581, -24.726465], [-56.54501, -24.725681], [-56.54368, -24.724365], [-56.542296, -24.723074], [-56.538069, -24.718922], [-56.535762, -24.7167], [-56.534914, -24.715842], [-56.534378, -24.715404], [-56.53337, -24.714741], [-56.532554, -24.714361], [-56.531009, -24.713776], [-56.527919, -24.712821], [-56.526535, -24.712412], [-56.525613, -24.712061], [-56.524422, -24.711593], [-56.523327, -24.711086], [-56.521804, -24.710229], [-56.518489, -24.708182], [-56.516064, -24.706681], [-56.513575, -24.705131], [-56.510839, -24.703464], [-56.509444, -24.702665], [-56.508715, -24.702295], [-56.508007, -24.701905], [-56.505013, -24.700755], [-56.50202, -24.699634], [-56.499016, -24.698523], [-56.496033, -24.697363], [-56.494638, -24.696817], [-56.493308, -24.696212], [-56.487193, -24.693074], [-56.482815, -24.690871], [-56.478459, -24.68857], [-56.475906, -24.687147], [-56.473524, -24.685646], [-56.472226, -24.684856], [-56.470874, -24.683901], [-56.470102, -24.683345], [-56.469351, -24.682604], [-56.468739, -24.682546], [-56.467816, -24.681902], [-56.464748, -24.679874], [-56.462817, -24.678802]]"
ci9buk7ut2mjcjmm45qx61sqc,,,LineString,"[[-56.401062, -24.677749], [-56.393165, -24.681805], [-56.370506, -24.71518], [-56.370162, -24.718064], [-56.36909, -24.729525], [-56.367416, -24.745311], [-56.365613, -24.76203], [-56.364068, -24.776915], [-56.363339, -24.779955], [-56.360335, -24.784279], [-56.359949, -24.786539], [-56.360335, -24.789228], [-56.361408, -24.791565], [-56.362223, -24.793747], [-56.362137, -24.796747], [-56.360678, -24.810148], [-56.359004, -24.826936], [-56.357631, -24.840061], [-56.357331, -24.840996], [-56.355056, -24.845669], [-56.349134, -24.857313], [-56.339693, -24.876158], [-56.328449, -24.89827], [-56.319522, -24.915981], [-56.317377, -24.92069], [-56.317462, -24.923531], [-56.318063, -24.925321], [-56.321582, -24.935829], [-56.322011, -24.93828], [-56.320295, -24.944701], [-56.317162, -24.952989], [-56.310081, -24.973298], [-56.308879, -24.97676], [-56.308536, -24.979989], [-56.309652, -24.985124], [-56.312956, -24.998077], [-56.31669, -25.013712], [-56.320037, -25.027556], [-56.325273, -25.049135], [-56.328492, -25.06282], [-56.332762, -25.080507], [-56.333878, -25.085268], [-56.33524, -25.090875], [-56.336871, -25.097647], [-56.338394, -25.10401], [-56.338706, -25.105205], [-56.33892, -25.105662], [-56.342042, -25.111083], [-56.345883, -25.11731], [-56.34967, -25.123498], [-56.353061, -25.128928], [-56.356601, -25.134775], [-56.360238, -25.140642], [-56.363865, -25.146527], [-56.367813, -25.152918], [-56.371364, -25.158676], [-56.375248, -25.164979], [-56.379518, -25.171883], [-56.383606, -25.178592], [-56.387779, -25.185311], [-56.391491, -25.19134], [-56.395912, -25.197563], [-56.399216, -25.202106], [-56.399474, -25.204824], [-56.398272, -25.209794], [-56.397242, -25.215502], [-56.397199, -25.223344], [-56.397371, -25.253856], [-56.398701, -25.266897], [-56.401276, -25.286261], [-56.404109, -25.292663], [-56.401405, -25.302363], [-56.401491, -25.30504], [-56.401963, -25.309424], [-56.405353, -25.31567], [-56.404366, -25.319705], [-56.40192, -25.332506], [-56.396899, -25.346585], [-56.394538, -25.352015], [-56.39574, -25.35473], [-56.401834, -25.359538], [-56.40192, -25.363067], [-56.400675, -25.366441], [-56.401233, -25.373343], [-56.402864, -25.383774], [-56.40767, -25.395754], [-56.417241, -25.414322], [-56.429901, -25.436143]]"
ci9buk7uw2mjdjmm4ab9v1yj9,GMANS 1. Ruta 8,Mejoramiento y rehabilitación de la Ruta 8. Tramo  Coronel Oviedo - Calle 6000.,Point,"[-56.324157, -25.078136]"
